﻿<?xml version="1.0"?>
<Propertys xmlns:xsi="http://www.w3.org/2001/XMLSchema-instance" xmlns:xsd="http://www.w3.org/2001/XMLSchema">
  <PublicPropertys>
    <Property>
      <Name>Speed</Name>
      <Type>int</Type>
      <InitialValue>10</InitialValue>
      <Description>直進速度</Description>
    </Property>
    <Property>
      <Name>TurnSpeed</Name>
      <Type>int</Type>
      <InitialValue>10</InitialValue>
      <Description>旋回速度</Description>
    </Property>
    <Property>
      <Name>RightBumper</Name>
      <Type>int</Type>
      <InitialValue>0</InitialValue>
      <Description>右バンパー</Description>
    </Property>
    <Property>
      <Name>LeftBumper</Name>
      <Type>int</Type>
      <InitialValue>0</InitialValue>
      <Description>左バンパー</Description>
    </Property>
    <Property>
      <Name>CentralBumper</Name>
      <Type>int</Type>
      <InitialValue>0</InitialValue>
      <Description>中央バンパー</Description>
    </Property>
    <Property>
      <Name>CleanButton</Name>
      <Type>int</Type>
      <InitialValue>0</InitialValue>
      <Description>Cleanボタン</Description>
    </Property>
    <Property>
      <Name>SpotButton</Name>
      <Type>int</Type>
      <InitialValue>0</InitialValue>
      <Description>Spotボタン</Description>
    </Property>
    <Property>
      <Name>DockButton</Name>
      <Type>int</Type>
      <InitialValue>0</InitialValue>
      <Description>Dockボタン</Description>
    </Property>
    <Property>
      <Name>MinuteButton</Name>
      <Type>int</Type>
      <InitialValue>0</InitialValue>
      <Description>Minuteボタン</Description>
    </Property>
    <Property>
      <Name>HourButton</Name>
      <Type>int</Type>
      <InitialValue>0</InitialValue>
      <Description>Hourボタン</Description>
    </Property>
    <Property>
      <Name>DayButton</Name>
      <Type>int</Type>
      <InitialValue>0</InitialValue>
      <Description>Dayボタン</Description>
    </Property>
    <Property>
      <Name>ScheduleButton</Name>
      <Type>int</Type>
      <InitialValue>0</InitialValue>
      <Description>Scheduleボタン</Description>
    </Property>
    <Property>
      <Name>ClockButton</Name>
      <Type>int</Type>
      <InitialValue>0</InitialValue>
      <Description>Clockボタン</Description>
    </Property>
    <Property>
      <Name>Distance</Name>
      <Type>int</Type>
      <InitialValue>0</InitialValue>
      <Description>距離(mm)</Description>
    </Property>
    <Property>
      <Name>Angle</Name>
      <Type>int</Type>
      <InitialValue>0</InitialValue>
      <Description>角度(度)</Description>
    </Property>
    <Property>
      <Name>WallSignal</Name>
      <Type>int</Type>
      <InitialValue>0</InitialValue>
      <Description>壁との距離</Description>
    </Property>
    <Property>
      <Name>CliffLeftSignal</Name>
      <Type>int</Type>
      <InitialValue>0</InitialValue>
      <Description>赤外線左クリフ</Description>
    </Property>
    <Property>
      <Name>CliffFrontLeftSignal</Name>
      <Type>int</Type>
      <InitialValue>0</InitialValue>
      <Description>赤外線左前クリフ</Description>
    </Property>
    <Property>
      <Name>CliffFrontRightSignal</Name>
      <Type>int</Type>
      <InitialValue>0</InitialValue>
      <Description>赤外線右前クリフ</Description>
    </Property>
    <Property>
      <Name>CliffRightSignal</Name>
      <Type>int</Type>
      <InitialValue>0</InitialValue>
      <Description>赤外線左前クリフ</Description>
    </Property>
    <Property>
      <Name>LeftEncoder</Name>
      <Type>ushort</Type>
      <InitialValue>0</InitialValue>
      <Description>左エンコーダ</Description>
    </Property>
    <Property>
      <Name>RightEncoder</Name>
      <Type>ushort</Type>
      <InitialValue>0</InitialValue>
      <Description>右エンコーダ</Description>
    </Property>
    <Property>
      <Name>LightBumpLeft</Name>
      <Type>int</Type>
      <InitialValue>0</InitialValue>
      <Description>赤外線左バンパ</Description>
    </Property>
    <Property>
      <Name>LightBumpFrontLeft</Name>
      <Type>int</Type>
      <InitialValue>0</InitialValue>
      <Description>赤外線左前バンパ</Description>
    </Property>
    <Property>
      <Name>LightBumpCenterLeft</Name>
      <Type>int</Type>
      <InitialValue>0</InitialValue>
      <Description>赤外線左真ん中バンパ</Description>
    </Property>
    <Property>
      <Name>LightBumpCenterRight</Name>
      <Type>int</Type>
      <InitialValue>0</InitialValue>
      <Description>赤外線右真ん中バンパ</Description>
    </Property>
    <Property>
      <Name>LightBumpFrontRight</Name>
      <Type>int</Type>
      <InitialValue>0</InitialValue>
      <Description>赤外線右前バンパ</Description>
    </Property>
    <Property>
      <Name>LightBumpRight</Name>
      <Type>int</Type>
      <InitialValue>0</InitialValue>
      <Description>赤外線右バンパ</Description>
    </Property>
    <Property>
      <Name>RightWheelDrop</Name>
      <Type>int</Type>
      <InitialValue>0</InitialValue>
      <Description>右ホイールの浮き沈み</Description>
    </Property>
    <Property>
      <Name>LeftWheelDrop</Name>
      <Type>int</Type>
      <InitialValue>0</InitialValue>
      <Description>左ホイールの浮き沈み</Description>
    </Property>
    <Property>
      <Name>RightCliff</Name>
      <Type>int</Type>
      <InitialValue>0</InitialValue>
      <Description>右クリフ</Description>
    </Property>
    <Property>
      <Name>LeftCliff</Name>
      <Type>int</Type>
      <InitialValue>0</InitialValue>
      <Description>左クリフ</Description>
    </Property>
    <Property>
      <Name>CentralCliff</Name>
      <Type>int</Type>
      <InitialValue>0</InitialValue>
      <Description>中央クリフ</Description>
    </Property>
    <Property>
      <Name>LeftPWM</Name>
      <Type>byte</Type>
      <InitialValue>0</InitialValue>
      <Description>左PWM</Description>
    </Property>
    <Property>
      <Name>RightPWM</Name>
      <Type>byte</Type>
      <InitialValue>0</InitialValue>
      <Description>右PWM</Description>
    </Property>
    <Property>
      <Name>Charger</Name>
      <Type>byte</Type>
      <InitialValue>0</InitialValue>
      <Description>充電状態</Description>
    </Property>
    <Property>
      <Name>Battery</Name>
      <Type>byte</Type>
      <InitialValue>0</InitialValue>
      <Description>バッテリー</Description>
    </Property>
    <Property>
      <Name>OverCurrentFlags</Name>
      <Type>byte</Type>
      <InitialValue>0</InitialValue>
      <Description>Flag will be setted when over current is detected</Description>
    </Property>

    <Property>
      <Name>DockingIR_RightSignal</Name>
      <Type>byte</Type>
      <InitialValue>0</InitialValue>
      <Description>ドッキングステーション 右シグナル</Description>
    </Property>
    <Property>
      <Name>DockIRdata</Name>
      <Type>byte</Type>
      <InitialValue>0</InitialValue>
      <Description>ドッキングステーション 中央シグナル</Description>
    </Property>
    <Property>
      <Name>DockingIR_LeftSignal</Name>
      <Type>byte</Type>
      <InitialValue>0</InitialValue>
      <Description>ドッキングステーション 左シグナル</Description>
    </Property>

    <Property>
      <Name>InertialSensor_Angle</Name>
      <Type>short</Type>
      <InitialValue>0</InitialValue>
      <Description></Description>
    </Property>
    <Property>
      <Name>InertialSensor_AngleRate</Name>
      <Type>short</Type>
      <InitialValue>0</InitialValue>
      <Description></Description>
    </Property>

    <Property>
      <Name>RawDataOf3DGyro_FrameId</Name>
      <Type>byte</Type>
      <InitialValue>0</InitialValue>
      <Description></Description>
    </Property>
    <Property>
      <Name>RawDataOf3DGyro_DataLength</Name>
      <Type>byte</Type>
      <InitialValue>0</InitialValue>
      <Description></Description>
    </Property>
    <Property>
      <Name>RawDataOf3DGyro_RawGyroData</Name>
      <Type>ushort[]</Type>
      <InitialValue>null</InitialValue>
      <Description></Description>
    </Property>

  </PublicPropertys>
  <PrivatePropertys>
    <Property>
      <Name>OpCode</Name>
      <Type>int</Type>
      <InitialValue>137</InitialValue>
      <Description>OpCode</Description>
    </Property>
    <Property>
      <Name>iRobotMainThreadReference</Name>
      <Type>dynamic</Type>
      <InitialValue>null</InitialValue>
      <Description>iRobotMainスレッドの参照</Description>
    </Property>
    <Property>
      <Name>iRobotMainThreadLoopFlg</Name>
      <Type>bool</Type>
      <InitialValue>false</InitialValue>
      <Description>iRobotMainスレッドループフラグ</Description>
    </Property>
    <Property>
      <Name>iRobotMainThreadSycle</Name>
      <Type>int</Type>
      <InitialValue>10</InitialValue>
      <Description>iRobotMainスレッドの周期</Description>
    </Property>
    <Property>
      <Name>Stopwatch</Name>
      <Type>dynamic</Type>
      <InitialValue>new Stopwatch()</InitialValue>
      <Description>ストップウォッチ</Description>
    </Property>
    <Property>
      <Name>SpeedParam</Name>
      <Type>int</Type>
      <InitialValue>0</InitialValue>
      <Description>Speed (内部用)</Description>
    </Property>
    <Property>
      <Name>RadiusParam</Name>
      <Type>int</Type>
      <InitialValue>0</InitialValue>
      <Description>Radius (内部用)</Description>
    </Property>
    <Property>
      <Name>LEDParam</Name>
      <Type>int</Type>
      <InitialValue>0</InitialValue>
      <Description>LED (内部用)</Description>
    </Property>
    <Property>
      <Name>LEDIntensity</Name>
      <Type>int</Type>
      <InitialValue>255</InitialValue>
      <Description>LED輝度 (内部用)</Description>
    </Property>
    <Property>
      <Name>SoundFlg</Name>
      <Type>bool</Type>
      <InitialValue>false</InitialValue>
      <Description>音フラグ</Description>
    </Property>
    <Property>
      <Name>SoundNote</Name>
      <Type>ushort</Type>
      <InitialValue>0</InitialValue>
      <Description>Note</Description>
    </Property>
    <Property>
      <Name>SoundDuration</Name>
      <Type>byte</Type>
      <InitialValue>255</InitialValue>
      <Description>Duration</Description>
    </Property>
  </PrivatePropertys>
</Propertys>